keyword,note_type,title,content_text,author_name,author_id,location_text,ip_location,published_text,like_count,favorite_count,comment_count,comments_captured,topics
穿搭,image,1/7,#跟着博主学穿搭  #我的上班通勤穿搭 #一周通勤不重样  #今天出门穿什么 #韩系穿搭 #打工人的日常穿搭 #随便穿穿就很好看,163的周周,163的周周,,重庆,03-10,4951,2350,38,20,"[""跟着博主学穿搭"", ""一周通勤不重样"", ""韩系穿搭""]"
穿搭,image,1/18,#拥抱春天的一百种方式 #穿搭的尽头是去繁就简 #穿搭合集 #穿搭合集推荐 #一周穿搭合集 #春季穿搭合集..准备好迎接春天 #春季穿搭指南 #春季一周穿搭合集 #春天穿搭合集 #穿搭灵感,11好运来,11好运来,,浙江,03-15,7821,3107,192,17,"[""拥抱春天的一百种方式"", ""穿搭合集"", ""一周穿搭合集"", ""春季穿搭指南"", ""春天穿搭合集""]"
穿搭,image,1/18,#我的日常 #每日穿搭#旅游穿搭#云南 #澳门,胡子喵,胡子喵,,广东,2025-03-30,26750,10657,350,18,"[""我的日常"", ""旅游穿搭""]"
穿搭,image,1/6,1️⃣2️⃣套！夏日红色系搭配灵感～,ssur,ssur,,广东,03-04,11924,5431,210,20,[]
穿搭,image,1/18,复习夏天穿过的18套漂亮衣服..,吴葱蒜,吴葱蒜,,,,6741,3114,57,20,[]
穿搭,image,1/11,吐司拖鞋｜解锁春夏松弛穿搭公式☁️,WalkingD,WalkingD,,重庆,02-26,8206,1724,85,20,"[""百丽勃肯鞋"", ""勃肯鞋"", ""春夏穿搭"", ""不费力时髦""]"
穿搭,image,1/18,#不费力气的穿撘 #早秋穿搭 #一周穿搭,Fairychen,Fairychen,,河南,2025-09-17,7793,2671,170,20,"[""不费力气的穿撘""]"
穿搭,image,1/9,,我只吃不胖,我只吃不胖,,广东,2025-07-08,38463,12548,477,20,[]
穿搭,image,1/18,"想过舒服的春天..
#已经开始期待春天了 #一键播放春天 #ootd#韩系穿搭 #春天穿搭 #春天拍照",小铁羊毛,小铁羊毛,,广东,01-11,18267,4622,324,19,"[""已经开始期待春天了"", ""ootd"", ""春天穿搭""]"
穿搭,image,1/8,..越简单越好看的一周穿搭合集✖️7,几杯脆脆,几杯脆脆,,北京,2025-04-18,8138,2790,109,20,[]
穿搭,image,1/12,"春天来啦..
天气一好就忍不住往户外跑
今年春日穿搭的新目标
穿上2026趋势色盘..
让自己动起来更有生命力！
	
早早备齐了户外出行的装备
今天穿的都是SIINSIIN工装伞兵裤
升级双抗冰皮科技让我不惧高温
防晒又防水～户外走动自带凉感
和朋友一起入了不同色系 解锁更多搭配可能。
微A阔腿版型拉长比例，宽松又舒适，藏肉又显瘦！
	
上衣搭的也是SIINSIIN家防晒衣
内搭撞色美背背心
修身、宽松版型都有 满足不同女生需求~
UPF50+，晒伤拜拜..
穿上瞬间凉感明显，走了一天依然干爽，
大太阳底下完全不闷热，防晒效果妥妥在线
	
这个春天，一起自信地跃向想要的远方吧！
	
#属于SIINSIIN的松弛感 #显瘦穿搭#SIINSIIN工装伞兵裤#户外穿搭#一周一山#升级我的ootd #天猫春上新 #好物都在买 #徒步穿搭#户外防晒 #防晒裤",木糖纯.,木糖纯.,,广东,03-11,734,124,131,20,"[""属于SIINSIIN的松弛感"", ""SIINSIIN工装伞兵裤"", ""一周一山"", ""天猫春上新"", ""徒步穿搭""]"
穿搭,image,1/8,#高个子穿搭 #不费力气的穿搭 #ootd #古早 #时尚是个轮回,今天也好困,今天也好困,,江西,2025-06-01,11239,3732,142,20,"[""高个子穿搭"", ""ootd""]"
穿搭,image,1/17,"每一套都好喜欢呀
	
#不费力气的穿搭
#热系穿搭灵感
#穿搭合集
#早春出游这么穿
#期待春天穿搭
#OOTD比天气先回暖",..阿拉蕾蕾,..阿拉蕾蕾,,,,9981,4832,374,19,[]
穿搭,image,1/18,#浅交一下夏季穿搭作业 #基础款穿搭 #夏日干净穿搭 #简单穿搭 #ootd夏日穿搭 #初夏穿搭 #不费力气的穿撘 #穿搭的尽头是精简 #夏天穿搭 #5G入夏,糖炒小金豆,糖炒小金豆,,,,18458,9107,96,20,"[""浅交一下夏季穿搭作业"", ""夏日干净穿搭"", ""ootd夏日穿搭"", ""不费力气的穿撘"", ""夏天穿搭""]"
穿搭,image,奶油兔叽酱,逛超市都被要链接..的显瘦条纹T,奶油兔叽酱,奶油兔叽酱,,广东,2025-09-21,1856,585,72,20,[]
穿搭,image,1/18,复习夏天穿过的18套漂亮衣服！！..,舟截鱼,舟截鱼,,,,94651,55368,1183,14,"[""乖乖女穿搭"", ""氛围感穿搭夏天"", ""夏日穿搭"", ""反季节穿搭""]"
穿搭,image,1/18,"夏天好看的裙子太多啦！
#韩系穿搭分享 #温柔穿搭 #慵懒感穿搭 #夏日宝藏小裙子 #平价连衣裙 #神仙裙子 #宝藏连衣裙 #裙子夏季穿搭 #温柔连衣裙 #连衣裙夏季",土豆丝好好吃,土豆丝好好吃,,广东,2025-12-27,24286,14152,105,20,"[""韩系穿搭分享"", ""慵懒感穿搭"", ""平价连衣裙"", ""宝藏连衣裙"", ""温柔连衣裙""]"
穿搭,image,1/3,啊啊啊好想安利给全世界的爬山出片穿搭！！！,小羊七七,小羊七七,,,,239,116,17,4,"[""工装裤"", ""爬山穿搭"", ""徒步穿搭"", ""爬山"", ""工装裤搭配什么上衣"", ""登山裤"", ""爬山装备"", ""旅游穿搭"", ""工装裤女"", ""爬山裤子"", ""武功山穿搭"", ""防晒衣穿搭"", ""爬山穿什么裤子"", ""夏季出游穿搭"", ""户外山系穿撘"", ""爬山穿搭女夏天"", ""工装裤推荐"", ""梨形身材穿搭"", ""裤子推荐女"", ""徒步裤子"", ""防晒衣女"", ""宽松裤子"", ""显高显腿直的神裤"", ""防晒衣也能穿出时髦感"", ""假期穿搭""]"
